char,radical
一,1
丁,1
七,1
万,1
丈,1
三,1
上,1
下,1
不,1
与,1
丐,1
丑,1
专,1
且,1
丕,1
世,1
丘,1
丙,1
业,1
丛,1
东,1
丝,1
丞,1
丟,1
両,1
丢,1
两,1
严,1
並,1
丧,1
丽,1
人,9
亿,9
什,9
仁,9
仃,9
仄,9
仅,9
仆,9
仇,9
今,9
介,9
仍,9
从,9
仏,9
仑,9
仓,9
仔,9
仕,9
他,9
仗,9
付,9
仙,9
仝,9
仞,9
仟,9
代,9
令,9
以,9
仨,9
仪,9
们,9
仮,9
仰,9
仲,9
件,9
价,9
任,9
份,9
仿,9
企,9
伉,9
伊,9
伍,9
伎,9
伏,9
伐,9
休,9
伕,9
众,9
优,9
伙,9
会,9
伝,9
伞,9
伟,9
传,9
伢,9
伤,9
伦,9
伪,9
伫,9
伯,9
估,9
伴,9
伶,9
伸,9
伺,9
似,9
伽,9
佃,9
但,9
佇,9
佈,9
位,9
低,9
住,9
佐,9
佑,9
体,9
佔,9
何,9
佗,9
佘,9
余,9
佚,9
佛,9
作,9
佝,9
佞,9
佟,9
你,9
佢,9
佣,9
佤,9
佥,9
佩,9
佬,9
佯,9
佰,9
佳,9
併,9
佶,9
佻,9
佼,9
使,9
侃,9
侄,9
來,9
侈,9
例,9
侍,9
侏,9
侑,9
侖,9
侗,9
供,9
依,9
侠,9
価,9
侣,9
侥,9
侦,9
侧,9
侨,9
侬,9
侮,9
侯,9
侵,9
侶,9
侷,9
便,9
係,9
促,9
俄,9
俊,9
俎,9
俏,9
俐,9
俑,9
俗,9
俘,9
俚,9
保,9
俞,9
俟,9
俠,9
信,9
俨,9
俩,9
俪,9
俬,9
俭,9
修,9
俯,9
俱,9
俳,9
俸,9
俺,9
俾,9
倆,9
倉,9
個,9
倌,9
倍,9
倏,9
們,9
倒,9
倔,9
倖,9
倘,9
候,9
倚,9
倜,9
借,9
倡,9
値,9
倦,9
倩,9
倪,9
倫,9
倬,9
倭,9
倶,9
债,9
值,9
倾,9
偃,9
假,9
偈,9
偉,9
偌,9
偎,9
偏,9
偕,9
做,9
停,9
健,9
側,9
偵,9
偶,9
偷,9
偻,9
偽,9
偿,9
傀,9
傅,9
傍,9
傑,9
傘,9
備,9
傚,9
傢,9
傣,9
傥,9
储,9
傩,9
催,9
傭,9
傲,9
傳,9
債,9
傷,9
傻,9
傾,9
僅,9
働,9
像,9
僑,9
僕,9
僖,9
僚,9
僥,9
僧,9
僭,9
僮,9
僱,9
僵,9
價,9
僻,9
儀,9
儂,9
億,9
儆,9
儉,9
儋,9
儒,9
儕,9
儘,9
償,9
儡,9
優,9
儲,9
儷,9
儼,9
儿,10
兀,10
允,10
元,10
兄,10
充,10
兆,10
兇,10
先,10
光,10
克,10
兌,10
免,10
児,10
兑,10
兒,10
兔,10
兖,10
党,10
兜,10
兢,10
冬,15
冯,15
冰,15
冲,15
决,15
况,15
冶,15
冷,15
冻,15
冼,15
冽,15
冾,15
净,15
凄,15
准,15
凇,15
凈,15
凉,15
凋,15
凌,15
凍,15
减,15
凑,15
凛,15
凜,15
凝,15
刀,18
刁,18
刃,18
分,18
切,18
刈,18
刊,18
刍,18
刎,18
刑,18
划,18
列,18
刘,18
则,18
刚,18
创,18
初,18
删,18
判,18
別,18
刨,18
利,18
刪,18
别,18
刮,18
到,18
制,18
刷,18
券,18
刹,18
刺,18
刻,18
刽,18
剁,18
剂,18
剃,18
則,18
剉,18
削,18
剋,18
剌,18
前,18
剎,18
剐,18
剑,18
剔,18
剖,18
剛,18
剜,18
剝,18
剣,18
剤,18
剥,18
剧,18
剩,18
剪,18
副,18
割,18
創,18
剷,18
剽,18
剿,18
劃,18
劇,18
劈,18
劉,18
劊,18
劍,18
劏,18
劑,18
力,19
劝,19
办,19
功,19
加,19
务,19
劣,19
动,19
助,19
努,19
劫,19
劭,19
励,19
劲,19
劳,19
労,19
劵,19
効,19
劾,19
势,19
勁,19
勃,19
勇,19
勉,19
勋,19
勐,19
勒,19
動,19
勖,19
勘,19
務,19
勛,19
勝,19
勞,19
募,19
勢,19
勤,19
勧,19
勳,19
勵,19
勸,19
厂,27
厄,27
厅,27
历,27
厉,27
压,27
厌,27
厕,27
厘,27
厚,27
厝,27
原,27
厢,27
厥,27
厦,27
厨,27
厩,27
厭,27
厮,27
厲,27
厳,27
口,30
古,30
句,30
另,30
叨,30
叩,30
只,30
叫,30
召,30
叭,30
叮,30
可,30
台,30
叱,30
史,30
右,30
叵,30
叶,30
号,30
司,30
叹,30
叻,30
叼,30
叽,30
吁,30
吃,30
各,30
吆,30
合,30
吉,30
吊,30
吋,30
同,30
名,30
后,30
吏,30
吐,30
向,30
吒,30
吓,30
吕,30
吖,30
吗,30
君,30
吝,30
吞,30
吟,30
吠,30
吡,30
否,30
吧,30
吨,30
吩,30
含,30
听,30
吭,30
吮,30
启,30
吱,30
吳,30
吴,30
吵,30
吶,30
吸,30
吹,30
吻,30
吼,30
吽,30
吾,30
呀,30
呂,30
呃,30
呆,30
呈,30
告,30
呋,30
呎,30
呐,30
呓,30
呕,30
呗,30
员,30
呛,30
呜,30
呢,30
呤,30
呦,30
周,30
呱,30
呲,30
味,30
呵,30
呷,30
呸,30
呻,30
呼,30
命,30
咀,30
咁,30
咂,30
咄,30
咆,30
咋,30
和,30
咎,30
咏,30
咐,30
咒,30
咔,30
咕,30
咖,30
咗,30
咘,30
咙,30
咚,30
咛,30
咣,30
咤,30
咦,30
咧,30
咨,30
咩,30
咪,30
咫,30
咬,30
咭,30
咯,30
咱,30
咲,30
咳,30
咸,30
咻,30
咽,30
咿,30
哀,30
品,30
哂,30
哄,30
哆,30
哇,30
哈,30
哉,30
哋,30
哌,30
响,30
哎,30
哏,30
哐,30
哑,30
哒,30
哔,30
哗,30
哟,30
員,30
哥,30
哦,30
哧,30
哨,30
哩,30
哪,30
哭,30
哮,30
哲,30
哺,30
哼,30
哽,30
唁,30
唄,30
唆,30
唇,30
唉,30
唏,30
唐,30
唑,30
唔,30
唠,30
唤,30
唧,30
唬,30
售,30
唯,30
唰,30
唱,30
唳,30
唷,30
唸,30
唾,30
啃,30
啄,30
商,30
啉,30
啊,30
問,30
啓,30
啕,30
啖,30
啜,30
啞,30
啟,66
啡,30
啤,30
啥,30
啦,30
啧,30
啪,30
啫,30
啬,30
啮,30
啰,30
啱,30
啲,30
啵,30
啶,30
啷,30
啸,30
啻,30
啼,30
啾,30
喀,30
喂,30
喃,30
善,30
喆,30
喇,30
喉,30
喊,30
喋,30
喎,30
喏,30
喔,30
喘,30
喙,30
喚,30
喜,30
喝,30
喟,30
喧,30
喪,30
喫,30
喬,30
單,30
喰,30
喱,30
喲,30
喳,30
喵,30
営,30
喷,30
喹,30
喺,30
喻,30
喽,30
嗅,30
嗆,30
嗇,30
嗎,30
嗑,30
嗒,30
嗓,30
嗔,30
嗖,30
嗚,30
嗜,30
嗝,30
嗟,30
嗡,30
嗣,30
嗤,30
嗦,30
嗨,30
嗪,30
嗬,30
嗯,30
嗰,30
嗲,30
嗳,30
嗶,30
嗷,30
嗽,30
嘀,30
嘅,30
嘆,30
嘈,30
嘉,30
嘌,30
嘍,30
嘎,30
嘔,30
嘖,30
嘗,30
嘘,30
嘚,30
嘛,30
嘜,30
嘞,30
嘟,30
嘢,30
嘣,30
嘤,30
嘧,30
嘩,30
嘭,30
嘮,30
嘯,30
嘰,30
嘱,30
嘲,30
嘴,30
嘶,30
嘸,30
嘹,30
嘻,30
嘿,30
噁,30
噌,30
噎,30
噓,30
噔,30
噗,30
噙,30
噜,30
噠,30
噢,30
噤,30
器,30
噩,30
噪,30
噬,30
噱,30
噴,30
噶,30
噸,30
噹,30
噻,30
噼,30
嚀,30
嚇,30
嚎,30
嚏,30
嚐,30
嚓,30
嚕,30
嚟,30
嚣,30
嚥,30
嚨,30
嚮,30
嚴,30
嚷,30
嚼,30
囂,30
囉,30
囊,30
囍,30
囑,30
囔,30
囗,31
囚,31
四,31
囝,31
回,31
囟,31
因,31
囡,31
团,31
団,31
囤,31
囧,31
囪,31
囫,31
园,31
困,31
囱,31
囲,31
図,31
围,31
囹,31
固,31
国,31
图,31
囿,31
圃,31
圄,31
圆,31
圈,31
國,31
圍,31
圏,31
園,31
圓,31
圖,31
團,31
圜,31
土,32
圣,32
圧,32
在,32
圩,32
圭,32
地,32
圳,32
场,32
圻,32
圾,32
址,32
坂,32
均,32
坊,32
坍,32
坎,32
坏,32
坐,32
坑,32
块,32
坚,32
坛,32
坝,32
坞,32
坟,32
坠,32
坡,32
坤,32
坦,32
坨,32
坪,32
坯,32
坳,32
坵,32
坷,32
垂,32
垃,32
垄,32
型,32
垒,32
垚,32
垛,32
垠,32
垢,32
垣,32
垦,32
垩,32
垫,32
垭,32
垮,32
垵,32
埂,32
埃,32
埋,32
城,32
埔,32
埕,32
埗,32
域,32
埠,32
埤,32
埵,32
執,32
埸,32
培,32
基,32
埼,32
堀,32
堂,32
堃,32
堅,32
堆,32
堇,32
堑,32
堕,32
堙,32
堡,32
堤,32
堪,32
堯,32
堰,32
報,32
場,32
堵,32
堺,32
堿,32
塊,32
塌,32
塑,32
塔,32
塗,32
塘,32
塚,32
塞,32
塢,32
塩,32
填,32
塬,32
塭,32
塵,32
塾,32
墀,32
境,32
墅,32
墉,32
墊,32
墒,32
墓,32
増,32
墘,32
墙,32
墜,32
增,32
墟,32
墩,32
墮,32
墳,32
墻,32
墾,32
壁,32
壅,32
壆,32
壇,32
壊,32
壑,32
壓,32
壕,32
壘,32
壞,32
壟,32
壢,32
壤,32
壩,32
大,37
天,37
太,37
夫,37
夭,37
央,37
夯,37
失,37
头,37
夷,37
夸,37
夹,37
夺,37
夾,37
奂,37
奄,37
奇,37
奈,37
奉,37
奋,37
奎,37
奏,37
奐,37
契,37
奔,37
奕,37
奖,37
套,37
奘,37
奚,37
奠,37
奢,37
奥,37
奧,37
奪,37
奬,37
奮,37
女,38
奴,38
奶,38
奸,38
她,38
好,38
如,38
妃,38
妄,38
妆,38
妇,38
妈,38
妊,38
妍,38
妒,38
妓,38
妖,38
妘,38
妙,38
妝,38
妞,38
妣,38
妤,38
妥,38
妨,38
妩,38
妪,38
妮,38
妲,38
妳,38
妹,38
妻,38
妾,38
姆,38
姉,38
姊,38
始,38
姍,38
姐,38
姑,38
姒,38
姓,38
委,38
姗,38
姚,38
姜,38
姝,38
姣,38
姥,38
姦,38
姨,38
姪,38
姫,38
姬,38
姹,38
姻,38
姿,38
威,38
娃,38
娄,119
娅,38
娆,38
娇,38
娉,38
娑,38
娓,38
娘,38
娛,38
娜,38
娟,38
娠,38
娣,38
娥,38
娩,38
娱,38
娲,38
娴,38
娶,38
娼,38
婀,38
婁,38
婆,38
婉,38
婊,38
婕,38
婚,38
婢,38
婦,38
婧,38
婪,38
婭,38
婴,38
婵,38
婶,38
婷,38
婺,38
婿,38
媒,38
媚,38
媛,38
媞,38
媧,38
媲,38
媳,38
媽,38
媾,38
嫁,38
嫂,38
嫉,38
嫌,38
嫑,38
嫔,38
嫖,38
嫘,38
嫚,38
嫡,38
嫣,38
嫦,38
嫩,38
嫲,38
嫵,38
嫻,38
嬅,38
嬉,38
嬌,38
嬗,38
嬛,38
嬢,38
嬤,38
嬪,38
嬰,38
嬴,38
嬷,38
嬸,38
嬿,38
孀,38
孃,38
子,39
孑,39
孔,39
孕,39
孖,39
字,39
存,39
孙,39
孚,39
孛,39
孜,39
孝,39
孟,39
孢,39
季,39
孤,39
学,39
孩,39
孪,39
孫,39
孬,39
孰,39
孱,39
孳,39
孵,39
學,39
孺,39
孽,39
孿,39
宁,40
它,40
宅,40
宇,40
守,40
安,40
宋,40
完,40
宏,40
宓,40
宕,40
宗,40
官,40
宙,40
定,40
宛,40
宜,40
宝,40
实,40
実,40
宠,40
审,40
客,40
宣,40
室,40
宥,40
宦,40
宪,40
宫,40
宮,40
宰,40
害,40
宴,40
宵,40
家,40
宸,40
容,40
宽,40
宾,40
宿,40
寂,40
寄,40
寅,40
密,40
寇,40
富,40
寐,40
寒,40
寓,40
寛,40
寝,40
寞,40
察,40
寡,40
寢,40
寥,40
實,40
寧,40
寨,40
審,40
寫,40
寬,40
寮,40
寰,40
寵,40
寶,40
尸,44
尺,44
尻,44
尼,44
尽,44
尾,44
尿,44
局,44
屁,44
层,44
屄,44
居,44
屆,44
屈,44
屉,44
届,44
屋,44
屌,44
屍,44
屎,44
屏,44
屐,44
屑,44
展,44
屜,44
属,44
屠,44
屡,44
屢,44
層,44
履,44
屬,44
山,46
屹,46
屿,46
岀,46
岁,46
岂,46
岌,46
岐,46
岑,46
岔,46
岖,46
岗,46
岘,46
岙,46
岚,46
岛,46
岡,46
岩,46
岫,46
岬,46
岭,46
岱,46
岳,46
岷,46
岸,46
峇,46
峋,46
峒,46
峙,46
峡,46
峤,46
峥,46
峦,46
峨,46
峪,46
峭,46
峯,46
峰,46
峴,46
島,46
峻,46
峽,46
崁,46
崂,46
崆,46
崇,46
崎,46
崑,46
崔,46
崖,46
崗,46
崙,46
崛,46
崧,46
崩,46
崭,46
崴,46
崽,46
嵇,46
嵊,46
嵋,46
嵌,46
嵐,46
嵘,46
嵩,46
嵬,46
嵯,46
嶂,46
嶄,46
嶇,46
嶋,46
嶙,46
嶺,46
嶼,46
嶽,46
巅,46
巍,46
巒,46
巔,46
巖,46
巡,162
巾,50
巿,50
币,50
市,50
布,50
帅,50
帆,50
师,50
希,50
帐,50
帑,50
帕,50
帖,50
帘,50
帚,50
帛,50
帜,50
帝,50
帥,50
带,50
帧,50
師,50
席,50
帮,50
帯,50
帰,50
帳,50
帶,50
帷,50
常,50
帼,50
帽,50
幀,50
幂,50
幄,50
幅,50
幌,50
幔,50
幕,50
幟,50
幡,50
幢,50
幣,50
幫,50
广,53
庁,53
広,53
庄,53
庆,53
庇,53
床,53
序,53
庐,53
库,53
应,53
底,53
庖,53
店,53
庙,53
庚,53
府,53
庞,53
废,53
庠,53
度,53
座,53
庫,53
庭,53
庵,53
庶,53
康,53
庸,53
庹,53
庾,53
廁,53
廂,53
廃,53
廈,53
廉,53
廊,53
廓,53
廖,53
廚,53
廝,53
廟,53
廠,53
廢,53
廣,53
廬,53
廳,53
弓,57
弔,57
引,57
弗,57
弘,57
弛,57
弟,57
张,57
弥,57
弦,57
弧,57
弩,57
弭,57
弯,57
弱,57
張,57
強,57
弹,57
强,57
弼,57
弾,57
彅,57
彆,57
彈,57
彌,57
彎,57
彷,60
役,60
彻,60
彼,60
彿,60
往,60
征,60
径,60
待,60
徇,60
很,60
徉,60
徊,60
律,60
後,60
徐,60
徑,60
徒,60
従,60
徕,60
得,60
徘,60
徙,60
徜,60
從,60
徠,60
御,60
徨,60
復,60
循,60
徬,60
微,60
徳,60
徴,60
徵,60
德,60
徹,60
徼,60
徽,60
心,61
必,61
忆,61
忌,61
忍,61
忏,61
忐,61
忑,61
忒,61
忖,61
志,61
忘,61
忙,61
応,61
忠,61
忡,61
忤,61
忧,61
忪,61
快,61
忱,61
念,61
忻,61
忽,61
忿,61
怀,61
态,61
怂,61
怅,61
怆,61
怎,61
怏,61
怒,61
怔,61
怕,61
怖,61
怙,61
怜,61
思,61
怠,61
怡,61
急,61
怦,61
性,61
怨,61
怪,61
怯,61
怵,61
总,61
怼,61
恁,61
恃,61
恆,61
恋,61
恍,61
恐,61
恒,61
恕,61
恙,61
恚,61
恢,61
恣,61
恤,61
恥,61
恨,61
恩,61
恪,61
恫,61
恬,61
恭,61
息,61
恰,61
恳,61
恵,61
恶,61
恸,61
恺,61
恻,61
恼,61
恿,61
悄,61
悅,61
悉,61
悌,61
悍,61
悔,61
悖,61
悚,61
悟,61
悠,61
患,61
悦,61
您,61
悩,61
悪,61
悬,61
悯,61
悱,61
悲,61
悴,61
悵,61
悶,61
悸,61
悻,61
悼,61
悽,61
情,61
惆,61
惇,61
惊,61
惋,61
惑,61
惕,61
惘,61
惚,61
惜,61
惟,61
惠,61
惡,61
惦,61
惧,61
惨,61
惩,61
惫,61
惬,61
惭,61
惮,61
惯,61
惰,61
惱,61
想,61
惴,61
惶,61
惹,61
惺,61
愁,61
愆,61
愈,61
愉,61
愍,61
意,61
愕,61
愚,61
愛,61
愜,61
感,61
愣,61
愤,61
愧,61
愫,61
愷,61
愿,61
慄,61
慈,61
態,61
慌,61
慎,61
慑,61
慕,61
慘,61
慚,61
慟,61
慢,61
慣,61
慧,61
慨,61
慫,61
慮,61
慰,61
慳,61
慵,61
慶,61
慷,61
慾,61
憂,61
憊,61
憋,61
憎,61
憐,61
憑,61
憔,61
憚,61
憤,61
憧,61
憨,61
憩,61
憫,61
憬,61
憲,61
憶,61
憾,61
懂,61
懇,61
懈,61
應,61
懊,61
懋,61
懑,61
懒,61
懦,61
懲,61
懵,61
懶,61
懷,61
懸,61
懺,61
懼,61
懾,61
懿,61
戀,61
戈,62
戊,62
戌,62
戍,62
戎,62
戏,62
成,62
我,62
戒,62
戕,62
或,62
战,62
戚,62
戛,62
戟,62
戡,62
戦,62
截,62
戬,62
戮,62
戰,62
戲,62
戳,62
戴,62
手,64
才,64
扎,64
扑,64
扒,64
打,64
扔,64
払,64
托,64
扛,64
扣,64
扦,64
执,64
扩,64
扪,64
扫,64
扬,64
扭,64
扮,64
扯,64
扰,64
扱,64
扳,64
扶,64
批,64
扼,64
找,64
承,64
技,64
抄,64
抉,64
把,64
抑,64
抒,64
抓,64
投,64
抖,64
抗,64
折,64
抚,64
抛,64
抜,64
択,64
抟,64
抠,64
抡,64
抢,64
护,64
报,64
抨,64
披,64
抬,64
抱,64
抵,64
抹,64
押,64
抽,64
抿,64
拂,64
拄,64
担,64
拆,64
拇,64
拈,64
拉,64
拋,64
拌,64
拍,64
拎,64
拐,64
拒,64
拓,64
拔,64
拖,64
拗,64
拘,64
拙,64
拚,64
招,64
拜,64
拟,64
拡,64
拢,64
拣,64
拥,64
拦,64
拧,64
拨,64
择,64
括,64
拭,64
拮,64
拯,64
拱,64
拳,64
拴,64
拷,64
拼,64
拽,64
拾,64
拿,64
持,64
挂,64
指,64
挈,64
按,64
挎,64
挑,64
挖,64
挙,64
挚,64
挛,64
挝,64
挞,64
挟,64
挠,64
挡,64
挣,64
挤,64
挥,64
挨,64
挪,64
挫,64
振,64
挲,64
挹,64
挺,64
挽,64
挾,64
捂,64
捅,64
捆,64
捉,64
捋,64
捌,64
捍,64
捎,64
捏,64
捐,64
捕,64
捞,64
损,64
捡,64
换,64
捣,64
捧,64
捨,64
捩,64
据,64
捱,64
捲,64
捶,64
捷,64
捺,64
捻,64
掀,64
掂,64
掃,64
掇,64
授,64
掉,64
掌,64
掏,64
掐,64
排,64
掖,64
掘,64
掙,64
掛,64
掠,64
採,64
探,64
掣,64
接,64
控,64
推,64
掩,64
措,64
掬,64
掰,64
掲,64
掳,64
掴,64
掷,64
掸,64
掺,64
揀,64
揃,64
揄,64
揆,64
揉,64
揍,64
描,64
提,64
插,64
揖,64
揚,64
換,64
握,64
揣,64
揩,64
揪,64
揭,64
揮,64
援,64
揶,64
揸,64
揹,64
揽,64
搀,64
搁,64
搂,64
搅,64
損,64
搏,64
搐,64
搓,64
搔,64
搖,64
搗,64
搜,64
搞,64
搡,64
搪,64
搬,64
搭,64
搵,64
搶,64
携,64
搽,64
摀,64
摁,64
摄,64
摆,64
摇,64
摈,64
摊,64
摒,64
摔,64
摘,64
摞,64
摟,64
摧,64
摩,64
摯,64
摳,64
摸,64
摹,64
摺,64
摻,64
撂,64
撃,64
撅,64
撇,64
撈,64
撐,64
撑,64
撒,64
撓,64
撕,64
撚,64
撞,64
撤,64
撥,64
撩,64
撫,64
撬,64
播,64
撮,64
撰,64
撲,64
撵,64
撷,64
撸,64
撻,64
撼,64
撿,64
擀,64
擁,64
擂,64
擄,64
擅,64
擇,64
擊,64
擋,64
操,64
擎,64
擒,64
擔,64
擘,64
據,64
擞,64
擠,64
擡,64
擢,64
擦,64
擬,64
擰,64
擱,64
擲,64
擴,64
擷,64
擺,64
擼,64
擾,64
攀,64
攏,64
攒,64
攔,64
攘,64
攙,64
攜,64
攝,64
攞,64
攢,64
攣,64
攤,64
攥,64
攪,64
攫,64
攬,64
收,66
攸,66
改,66
攻,66
放,66
政,66
故,66
效,66
敌,66
敍,66
敎,66
敏,66
救,66
敕,66
敖,66
敗,66
敘,66
教,66
敛,66
敝,66
敞,66
敢,66
散,66
敦,66
敬,66
数,66
敲,66
整,66
敵,66
敷,66
數,66
斂,66
斃,66
日,72
旦,72
旧,72
旨,72
早,72
旬,72
旭,72
旮,72
旱,72
时,72
旷,72
旺,72
旻,72
昀,72
昂,72
昆,72
昇,72
昉,72
昊,72
昌,72
明,72
昏,72
易,72
昔,72
昕,72
昙,72
星,72
映,72
春,72
昧,72
昨,72
昭,72
是,72
昱,72
昴,72
昵,72
昶,72
昼,72
显,72
晁,72
時,72
晃,72
晉,72
晋,72
晌,72
晏,72
晒,72
晓,72
晔,72
晕,72
晖,72
晗,72
晚,72
晝,72
晞,72
晟,72
晤,72
晦,72
晨,72
晩,72
普,72
景,72
晰,72
晴,72
晶,72
晷,72
智,72
晾,72
暂,72
暄,72
暇,72
暈,72
暉,72
暌,72
暐,72
暑,72
暖,72
暗,72
暝,72
暢,72
暧,72
暨,72
暫,72
暮,72
暱,72
暴,72
暸,72
暹,72
曄,72
曆,72
曇,72
曉,72
曖,72
曙,72
曜,72
曝,72
曠,72
曦,72
曬,72
木,75
未,75
末,75
本,75
札,75
朮,75
术,75
朱,75
朴,75
朵,75
机,75
朽,75
杀,75
杂,75
权,75
杆,75
杈,75
杉,75
李,75
杏,75
材,75
村,75
杓,75
杖,75
杜,75
杞,75
束,75
杠,75
条,75
来,75
杨,75
杭,75
杯,75
杰,75
東,75
杳,75
杵,75
杷,75
杼,75
松,75
板,75
极,75
构,75
枇,75
枉,75
枋,75
析,75
枕,75
林,75
枚,75
果,75
枝,75
枢,75
枣,75
枪,75
枫,75
枭,75
枯,75
枰,75
枱,75
枳,75
架,75
枷,75
枸,75
柄,75
柏,75
某,75
柑,75
柒,75
染,75
柔,75
柘,75
柚,75
柜,75
柞,75
柠,75
柢,75
查,75
柩,75
柬,75
柯,75
柱,75
柳,75
柴,75
柵,75
査,75
柿,75
栀,75
栃,75
栄,75
栅,75
标,75
栈,75
栉,75
栋,75
栎,75
栏,75
树,75
栓,75
栖,75
栗,75
校,75
栩,75
株,75
样,75
核,75
根,75
格,75
栽,75
栾,75
桀,75
桁,75
桂,75
桃,75
桅,75
框,75
案,75
桉,75
桌,75
桎,75
桐,75
桑,75
桓,75
桔,75
桜,75
桠,75
桡,75
桢,75
档,75
桥,75
桦,75
桧,75
桨,75
桩,75
桶,75
桿,75
梁,75
梅,75
梆,75
梏,75
梓,75
梗,75
條,75
梟,75
梢,75
梦,75
梧,75
梨,75
梭,75
梯,75
械,75
梳,75
梵,75
梶,75
检,75
棂,75
棄,75
棉,75
棋,75
棍,75
棒,75
棕,75
棗,75
棘,75
棚,75
棟,75
棠,75
棣,75
棧,75
森,75
棱,75
棲,75
棵,75
棹,75
棺,75
椁,75
椅,75
椋,75
植,75
椎,75
椒,75
検,75
椪,75
椭,75
椰,75
椹,75
椽,75
椿,75
楂,75
楊,75
楓,75
楔,75
楚,75
楝,75
楞,75
楠,75
楣,75
楨,75
楫,75
業,75
楮,75
極,75
楷,75
楸,75
楹,75
楼,75
楽,75
概,75
榄,75
榆,75
榈,75
榉,75
榔,75
榕,75
榖,75
榛,75
榜,75
榨,75
榫,75
榭,75
榮,75
榱,75
榴,75
榷,75
榻,75
槁,75
槃,75
構,75
槌,75
槍,75
槎,75
槐,75
槓,75
様,75
槛,75
槟,75
槤,75
槭,75
槲,75
槳,75
槻,75
槽,75
槿,75
樁,75
樂,75
樊,75
樑,75
樓,75
標,75
樞,75
樟,75
模,75
樣,75
権,75
横,75
樫,75
樯,75
樱,75
樵,75
樸,75
樹,75
樺,75
樽,75
樾,75
橄,75
橇,75
橋,75
橐,75
橘,75
橙,75
機,75
橡,75
橢,75
橫,75
橱,75
橹,75
橼,75
檀,75
檄,75
檎,75
檐,75
檔,75
檗,75
檜,75
檢,75
檬,75
檯,75
檳,75
檸,75
檻,75
櫃,75
櫚,75
櫛,75
櫥,75
櫸,75
櫻,75
欄,75
權,75
欒,75
欖,75
欠,76
次,76
欢,76
欣,76
欧,76
欲,76
欸,76
欺,76
欽,76
款,76
歆,76
歇,76
歉,76
歌,76
歎,76
歐,76
歓,76
歙,76
歛,76
歡,76
歹,78
死,78
歼,78
殁,78
殃,78
殆,78
殇,78
殉,78
殊,78
残,78
殒,78
殓,78
殖,78
殘,78
殞,78
殡,78
殤,78
殭,78
殯,78
殲,78
水,85
氷,85
永,85
氹,85
氾,85
汀,85
汁,85
求,85
汆,85
汇,85
汉,85
汎,85
汐,85
汕,85
汗,85
汙,85
汛,85
汝,85
汞,85
江,85
池,85
污,85
汤,85
汨,85
汩,85
汪,85
汰,85
汲,85
汴,85
汶,85
汹,85
決,85
汽,85
汾,85
沁,85
沂,85
沃,85
沅,85
沈,85
沉,85
沌,85
沏,85
沐,85
沒,85
沓,85
沖,85
沙,85
沛,85
沟,85
没,85
沢,85
沣,85
沥,85
沦,85
沧,85
沪,85
沫,85
沭,85
沮,85
沱,85
河,85
沸,85
油,85
治,85
沼,85
沽,85
沾,85
沿,85
況,85
泄,85
泉,85
泊,85
泌,85
泓,85
法,85
泗,85
泛,85
泞,85
泠,85
泡,85
波,85
泣,85
泥,85
注,85
泪,85
泫,85
泮,85
泯,85
泰,85
泱,85
泳,85
泵,112
泷,85
泸,85
泻,85
泼,85
泽,85
泾,85
洁,85
洄,85
洋,85
洒,85
洗,85
洙,85
洛,85
洞,85
津,85
洩,85
洪,85
洮,85
洱,85
洲,85
洵,85
洶,85
洸,85
洹,85
活,85
洼,85
洽,85
派,85
流,85
浃,85
浄,85
浅,85
浆,85
浇,85
浊,85
测,85
济,85
浏,85
浑,85
浒,85
浓,85
浔,85
浙,85
浚,85
浜,85
浣,85
浦,85
浩,85
浪,85
浬,85
浮,85
浯,85
浴,85
海,85
浸,85
涂,85
涅,85
涇,85
消,85
涉,85
涌,85
涎,85
涓,85
涔,85
涕,85
涙,85
涛,85
涝,85
涞,85
涟,85
涠,85
涡,85
涣,85
涤,85
润,85
涧,85
涨,85
涩,85
涪,85
涮,85
涯,85
液,85
涵,85
涸,85
涼,85
涿,85
淀,85
淄,85
淅,85
淆,85
淇,85
淋,85
淌,85
淑,85
淒,85
淖,85
淘,85
淙,85
淚,85
淞,85
淡,85
淤,85
淦,85
淨,85
淩,85
淪,85
淫,85
淬,85
淮,85
深,85
淳,85
淵,85
混,85
淹,85
淺,85
添,85
淼,85
清,85
済,85
渉,85
渊,85
渋,85
渍,85
渎,85
渐,85
渔,85
渗,85
渙,85
渚,85
減,85
渝,85
渠,85
渡,85
渣,85
渤,85
渥,85
渦,85
温,85
測,85
渭,85
港,85
渲,85
渴,85
游,85
渺,85
渾,85
湃,85
湄,85
湊,85
湍,85
湖,85
湘,85
湛,85
湟,85
湧,85
湫,85
湮,85
湯,85
湳,85
湾,85
湿,85
満,85
溃,85
溅,85
溉,85
溏,85
源,85
準,85
溜,85
溝,85
溟,85
溢,85
溥,85
溧,85
溪,85
溫,85
溯,85
溱,85
溴,85
溶,85
溺,85
溼,85
滁,85
滂,85
滄,85
滅,85
滇,85
滋,85
滌,85
滑,85
滓,85
滔,85
滕,85
滙,85
滚,85
滝,85
滞,85
滟,85
满,85
滢,85
滤,85
滥,85
滦,85
滨,85
滩,85
滬,85
滯,85
滲,85
滴,85
滷,85
滸,85
滾,85
滿,85
漁,85
漂,85
漆,85
漉,85
漏,85
漓,85
演,85
漕,85
漠,85
漢,85
漣,85
漩,85
漪,85
漫,85
漬,85
漯,85
漱,85
漲,85
漳,85
漸,85
漾,85
漿,85
潆,85
潇,85
潋,85
潍,85
潑,85
潔,85
潘,85
潛,85
潜,85
潞,85
潟,85
潢,85
潤,85
潦,85
潧,85
潭,85
潮,85
潰,85
潴,85
潸,85
潺,85
潼,85
澀,85
澄,85
澆,85
澈,85
澍,85
澎,85
澗,85
澜,85
澡,85
澤,85
澧,85
澱,85
澳,85
澹,85
激,85
濁,85
濂,85
濃,85
濑,85
濒,85
濕,85
濘,85
濛,85
濟,85
濠,85
濡,85
濤,85
濫,85
濬,85
濮,85
濯,85
濱,85
濺,85
濾,85
瀅,85
瀆,85
瀉,85
瀋,85
瀏,85
瀑,85
瀕,85
瀘,85
瀚,85
瀛,85
瀝,85
瀞,85
瀟,85
瀧,85
瀨,85
瀬,85
瀰,85
瀾,85
灌,85
灏,85
灑,85
灘,85
灝,85
灞,85
灣,85
火,86
灬,86
灭,86
灯,86
灰,86
灵,86
灶,86
灸,86
灼,86
災,86
灾,86
灿,86
炀,86
炁,86
炅,86
炉,86
炊,86
炎,86
炒,86
炔,86
炕,86
炖,86
炙,86
炜,86
炫,86
炬,86
炭,86
炮,86
炯,86
炳,86
炷,86
炸,86
点,86
為,86
炼,86
炽,86
烁,86
烂,86
烃,86
烈,86
烊,86
烏,86
烘,86
烙,86
烛,86
烟,86
烤,86
烦,86
烧,86
烨,86
烩,86
烫,86
烬,86
热,86
烯,86
烷,86
烹,86
烽,86
焉,86
焊,86
焕,86
焖,86
焗,86
焘,86
焙,86
焚,86
焜,86
無,86
焦,86
焯,86
焰,86
焱,86
然,86
焼,86
煅,86
煉,86
煊,86
煌,86
煎,86
煒,86
煖,86
煙,86
煜,86
煞,86
煤,86
煥,86
煦,86
照,86
煨,86
煩,86
煮,86
煲,86
煸,86
煽,86
熄,86
熊,86
熏,86
熒,86
熔,86
熙,86
熟,86
熠,86
熨,86
熬,86
熱,86
熵,86
熹,86
熾,86
燁,86
燃,86
燄,86
燈,86
燉,86
燊,86
燎,86
燒,86
燔,86
燕,86
燙,86
燜,86
營,86
燥,86
燦,86
燧,86
燭,86
燮,86
燴,86
燻,86
燼,86
燿,86
爆,86
爍,86
爐,86
爛,86
牛,93
牝,93
牟,93
牠,93
牡,93
牢,93
牦,93
牧,93
物,93
牯,93
牲,93
牴,93
牵,93
特,93
牺,93
牽,93
犀,93
犁,93
犄,93
犊,93
犍,93
犒,93
犢,93
犧,93
犬,94
犯,94
状,94
犷,94
犸,94
犹,94
狀,94
狂,94
狄,94
狈,94
狎,94
狐,94
狒,94
狗,94
狙,94
狞,94
狠,94
狡,94
狩,94
独,94
狭,94
狮,94
狰,94
狱,94
狸,94
狹,94
狼,94
狽,94
猎,94
猕,94
猖,94
猗,94
猙,94
猛,94
猜,94
猝,94
猥,94
猩,94
猪,94
猫,94
猬,94
献,94
猴,94
猶,94
猷,94
猾,94
猿,94
獄,94
獅,94
獎,94
獐,94
獒,94
獗,94
獠,94
獣,94
獨,94
獭,94
獰,94
獲,94
獵,94
獷,94
獸,94
獺,94
獻,94
獼,94
獾,94
玉,96
王,96
玑,96
玖,96
玛,96
玟,96
玠,96
玥,96
玩,96
玫,96
玮,96
环,96
现,96
玲,96
玳,96
玷,96
玺,96
玻,96
珀,96
珂,96
珅,96
珈,96
珉,96
珊,96
珍,96
珏,96
珐,96
珑,96
珙,96
珞,96
珠,96
珣,96
珥,96
珩,96
珪,96
班,96
珮,96
珲,96
珺,96
現,96
球,96
琅,96
理,96
琇,96
琉,96
琊,96
琍,96
琏,96
琐,96
琛,96
琢,96
琥,96
琦,96
琨,96
琪,96
琬,96
琮,96
琰,96
琲,96
琳,96
琴,96
琵,96
琶,96
琺,96
琼,96
瑀,96
瑁,96
瑄,96
瑋,96
瑕,96
瑗,96
瑙,96
瑚,96
瑛,96
瑜,96
瑞,96
瑟,96
瑠,96
瑣,96
瑤,96
瑩,96
瑪,96
瑯,96
瑰,96
瑶,96
瑾,96
璀,96
璁,96
璃,96
璇,96
璉,96
璋,96
璎,96
璐,96
璜,96
璞,96
璟,96
璧,96
璨,96
環,96
璽,96
璿,96
瓊,96
瓏,96
瓒,96
田,102
由,102
甲,102
申,102
电,102
男,102
甸,102
町,102
画,102
甾,102
畀,102
畅,102
界,102
畏,102
畑,102
畔,102
留,102
畜,102
畝,102
畢,102
略,102
畦,102
番,102
畫,102
異,102
畲,102
畳,102
畴,102
當,102
畸,102
畹,102
畿,102
疆,102
疇,102
疊,102
疔,104
疖,104
疗,104
疙,104
疚,104
疝,104
疟,104
疡,104
疣,104
疤,104
疥,104
疫,104
疮,104
疯,104
疱,104
疲,104
疳,104
疵,104
疸,104
疹,104
疼,104
疽,104
疾,104
痂,104
病,104
症,104
痈,104
痉,104
痊,104
痍,104
痒,104
痔,104
痕,104
痘,104
痙,104
痛,104
痞,104
痠,104
痢,104
痣,104
痤,104
痧,104
痨,104
痪,104
痫,104
痰,104
痱,104
痴,104
痹,104
痺,104
痼,104
痿,104
瘀,104
瘁,104
瘋,104
瘍,104
瘓,104
瘘,104
瘙,104
瘟,104
瘠,104
瘡,104
瘢,104
瘤,104
瘦,104
瘧,104
瘩,104
瘪,104
瘫,104
瘴,104
瘸,104
瘾,104
療,104
癇,104
癌,104
癒,104
癖,104
癜,104
癞,104
癡,104
癢,104
癣,104
癥,104
癫,104
癬,104
癮,104
癱,104
癲,104
皿,108
盂,108
盃,108
盅,108
盆,108
盈,108
益,108
盎,108
盏,108
盐,108
监,108
盒,108
盔,108
盖,108
盗,108
盘,108
盛,108
盜,108
盞,108
盟,108
盡,108
監,108
盤,108
盥,108
盧,108
盪,108
目,109
盯,109
盱,109
盲,109
直,109
相,109
盹,109
盼,109
盾,109
省,109
眈,109
眉,109
看,109
県,109
眙,109
眞,109
真,109
眠,109
眦,109
眨,109
眩,109
眯,109
眶,109
眷,109
眸,109
眺,109
眼,109
眾,109
着,109
睁,109
睇,109
睏,109
睐,109
睑,109
睛,109
睜,109
睞,109
睡,109
睢,109
督,109
睥,109
睦,109
睨,109
睪,109
睫,109
睬,109
睹,109
睽,109
睾,109
睿,109
瞄,109
瞅,109
瞇,109
瞋,109
瞌,109
瞎,109
瞑,109
瞒,109
瞓,109
瞞,109
瞟,109
瞠,109
瞥,109
瞧,109
瞩,109
瞪,109
瞬,109
瞭,109
瞰,109
瞳,109
瞻,109
瞼,109
瞿,109
矇,109
矍,109
矗,109
矚,109
石,112
矶,112
矽,112
矾,112
矿,112
码,112
砂,112
砌,112
砍,112
砒,112
研,112
砖,112
砗,112
砚,112
砝,112
砣,112
砥,112
砧,112
砭,112
砰,112
砲,112
破,112
砷,112
砸,112
砺,112
砼,112
砾,112
础,112
硅,112
硐,112
硒,112
硕,112
硝,112
硫,112
硬,112
确,112
硯,112
硼,112
碁,112
碇,112
碉,112
碌,112
碍,112
碎,112
碑,112
碓,112
碗,112
碘,112
碚,112
碛,112
碟,112
碣,112
碧,112
碩,112
碰,112
碱,112
碳,112
碴,112
確,112
碼,112
碾,112
磁,112
磅,112
磊,112
磋,112
磐,112
磕,112
磚,112
磡,112
磨,112
磬,112
磯,112
磲,112
磷,112
磺,112
礁,112
礎,112
礙,112
礡,112
礦,112
礪,112
礫,112
礴,112
示,113
礼,113
社,113
祀,113
祁,113
祂,113
祇,113
祈,113
祉,113
祎,113
祐,113
祕,113
祖,113
祗,113
祚,113
祛,113
祜,113
祝,113
神,113
祟,113
祠,113
祢,113
祥,113
票,113
祭,113
祯,113
祷,113
祸,113
祺,113
祿,113
禀,113
禁,113
禄,113
禅,113
禍,113
禎,113
福,113
禛,113
禦,113
禧,113
禪,113
禮,113
禱,113
禾,115
禿,115
秀,115
私,115
秃,115
秆,115
秉,115
秋,115
种,115
科,115
秒,115
秘,115
租,115
秣,115
秤,115
秦,115
秧,115
秩,115
秭,115
积,115
称,115
秸,115
移,115
秽,115
稀,115
稅,115
程,115
稍,115
税,115
稔,115
稗,115
稚,115
稜,115
稞,115
稟,115
稠,115
稣,115
種,115
稱,115
稲,115
稳,115
稷,115
稹,115
稻,115
稼,115
稽,115
稿,115
穀,115
穂,115
穆,115
穌,115
積,115
穎,115
穗,115
穢,115
穩,115
穫,115
穴,116
究,116
穷,116
穹,116
空,116
穿,116
突,116
窃,116
窄,116
窈,116
窍,116
窑,116
窒,116
窓,116
窕,116
窖,116
窗,116
窘,116
窜,116
窝,116
窟,116
窠,116
窥,116
窦,116
窨,116
窩,116
窪,116
窮,116
窯,116
窺,116
窿,116
竄,116
竅,116
竇,116
竊,116
竹,118
竺,118
竽,118
竿,118
笃,118
笆,118
笈,118
笋,118
笏,118
笑,118
笔,118
笙,118
笛,118
笞,118
笠,118
符,118
笨,118
第,118
笹,118
笺,118
笼,118
筆,118
等,118
筊,118
筋,118
筍,118
筏,118
筐,118
筑,118
筒,118
答,118
策,118
筛,118
筝,118
筠,118
筱,118
筲,118
筵,118
筷,118
筹,118
签,118
简,118
箇,118
箋,118
箍,118
箏,118
箐,118
箔,118
箕,118
算,118
箝,118
管,118
箩,118
箫,118
箭,118
箱,118
箴,118
箸,118
節,118
篁,118
範,118
篆,118
篇,118
築,118
篑,118
篓,118
篙,118
篝,118
篠,118
篡,118
篤,118
篩,118
篪,118
篮,118
篱,118
篷,118
簇,118
簌,118
簍,118
簡,118
簦,118
簧,118
簪,118
簫,118
簷,118
簸,118
簽,118
簾,118
簿,118
籁,118
籃,118
籌,118
籍,118
籐,118
籟,118
籠,118
籤,118
籬,118
籮,118
籲,118
米,119
类,119
籼,119
籽,119
粄,119
粉,119
粑,119
粒,119
粕,119
粗,119
粘,119
粟,119
粤,119
粥,119
粧,119
粪,119
粮,119
粱,119
粲,119
粳,119
粵,119
粹,119
粼,119
粽,119
精,119
粿,119
糅,119
糊,119
糍,119
糕,119
糖,119
糗,119
糙,119
糜,119
糞,119
糟,119
糠,119
糧,119
糬,119
糯,119
糰,119
糸,120
系,120
糾,120
紀,120
紂,120
約,120
紅,120
紉,120
紊,120
紋,120
納,120
紐,120
紓,120
純,120
紗,120
紘,120
紙,120
級,120
紛,120
紜,120
素,120
紡,120
索,120
紧,120
紫,120
紮,120
累,120
細,120
紳,120
紹,120
紺,120
終,120
絃,120
組,120
絆,120
経,120
結,120
絕,120
絞,120
絡,120
絢,120
給,120
絨,120
絮,120
統,120
絲,120
絳,120
絵,120
絶,120
絹,120
綁,120
綏,120
綑,120
經,120
継,120
続,120
綜,120
綠,120
綢,120
綦,120
綫,120
綬,120
維,120
綱,120
網,120
綴,120
綵,120
綸,120
綺,120
綻,120
綽,120
綾,120
綿,120
緊,120
緋,120
総,120
緑,120
緒,120
緘,120
線,120
緝,120
緞,120
締,120
緣,120
編,120
緩,120
緬,120
緯,120
練,120
緹,120
緻,120
縁,120
縄,120
縈,120
縛,120
縝,120
縣,120
縫,120
縮,120
縱,120
縴,120
縷,120
總,120
績,120
繁,120
繃,120
繆,120
繇,120
繋,120
織,120
繕,120
繚,120
繞,120
繡,120
繩,120
繪,120
繫,120
繭,120
繳,120
繹,120
繼,120
繽,120
纂,120
續,120
纍,120
纏,120
纓,120
纔,120
纖,120
纜,120
纠,120
红,120
纣,120
纤,120
约,120
级,120
纨,120
纪,120
纫,120
纬,120
纭,120
纯,120
纰,120
纱,120
纲,120
纳,120
纵,120
纶,120
纷,120
纸,120
纹,120
纺,120
纽,120
纾,120
线,120
绀,120
练,120
组,120
绅,120
细,120
织,120
终,120
绊,120
绍,120
绎,120
经,120
绑,120
绒,120
结,120
绔,120
绕,120
绘,120
给,120
绚,120
绛,120
络,120
绝,120
绞,120
统,120
绡,120
绢,120
绣,120
绥,120
绦,120
继,120
绩,120
绪,120
绫,120
续,120
绮,120
绯,120
绰,120
绳,120
维,120
绵,120
绶,120
绷,120
绸,120
绻,120
综,120
绽,120
绾,120
绿,120
缀,120
缄,120
缅,120
缆,120
缇,120
缈,120
缉,120
缎,120
缓,120
缔,120
缕,120
编,120
缘,120
缙,120
缚,120
缜,120
缝,120
缠,120
缢,120
缤,120
缥,120
缨,120
缩,120
缪,120
缭,120
缮,120
缰,120
缱,120
缴,120
羽,124
羿,124
翁,124
翅,124
翊,124
翌,124
翎,124
習,124
翔,124
翘,124
翟,124
翠,124
翡,124
翦,124
翩,124
翰,124
翱,124
翳,124
翹,124
翻,124
翼,124
耀,124
耳,128
耶,128
耷,128
耸,128
耻,128
耽,128
耿,128
聂,128
聆,128
聊,128
聋,128
职,128
聒,128
联,128
聖,128
聘,128
聚,128
聞,128
聪,128
聯,128
聰,128
聲,128
聳,128
聴,128
聶,128
職,128
聽,128
聾,128
肉,130
肋,130
肌,130
肏,130
肓,130
肖,130
肘,130
肚,130
肛,130
肝,130
肠,130
股,130
肢,130
肤,130
肥,130
肩,130
肪,130
肮,130
肯,130
肱,130
育,130
肴,130
肺,130
肽,130
肾,130
肿,130
胀,130
胁,130
胃,130
胄,130
胆,130
背,130
胍,130
胎,130
胖,130
胚,130
胛,130
胜,130
胝,130
胞,130
胡,130
胤,130
胥,130
胧,130
胫,130
胭,130
胯,130
胰,130
胱,130
胳,130
胴,130
胶,130
胸,130
胺,130
能,130
脂,130
脅,130
脆,130
脇,130
脈,130
脉,130
脊,130
脍,130
脏,130
脐,130
脑,130
脓,130
脖,130
脘,130
脚,130
脛,130
脣,130
脩,130
脫,130
脯,130
脱,130
脲,130
脳,130
脸,130
脹,130
脾,130
腆,130
腈,130
腊,130
腋,130
腌,130
腎,130
腐,130
腑,130
腓,130
腔,130
腕,130
腥,130
腦,130
腩,130
腫,130
腭,130
腮,130
腰,130
腱,130
腳,130
腴,130
腸,130
腹,130
腺,130
腻,130
腼,130
腾,130
腿,130
膀,130
膈,130
膊,130
膏,130
膑,130
膘,130
膚,130
膛,130
膜,130
膝,130
膠,130
膦,130
膨,130
膩,130
膳,130
膺,130
膻,130
膽,130
膾,130
膿,130
臀,130
臂,130
臃,130
臆,130
臉,130
臊,130
臍,130
臓,130
臘,130
臟,130
艹,140
艺,140
艾,140
节,140
芃,140
芈,140
芊,140
芋,140
芍,140
芎,140
芒,140
芙,140
芜,140
芝,140
芡,140
芥,140
芦,140
芩,140
芪,140
芫,140
芬,140
芭,140
芮,140
芯,140
花,140
芳,140
芷,140
芸,140
芹,140
芻,140
芽,140
芾,140
苁,140
苄,140
苇,140
苋,140
苍,140
苏,140
苑,140
苒,140
苓,140
苔,140
苕,140
苗,140
苛,140
苜,140
苞,140
苟,140
苡,140
苣,140
若,140
苦,140
苫,140
苯,140
英,140
苷,140
苹,140
苻,140
茁,140
茂,140
范,140
茄,140
茅,140
茉,140
茎,140
茏,140
茗,140
茜,140
茧,140
茨,140
茫,140
茬,140
茭,140
茯,140
茱,140
茲,140
茴,140
茵,140
茶,140
茸,140
茹,140
茼,140
荀,140
荃,140
荆,140
草,140
荊,140
荏,140
荐,140
荒,140
荔,140
荖,140
荘,140
荚,140
荞,140
荟,140
荠,140
荡,140
荣,140
荤,140
荥,140
荧,140
荨,140
荪,140
荫,140
药,140
荳,140
荷,140
荸,140
荻,140
荼,140
荽,140
莅,140
莆,140
莉,140
莊,140
莎,140
莒,140
莓,140
莖,140
莘,140
莞,140
莠,140
莢,140
莧,140
莪,140
莫,140
莱,140
莲,140
莴,140
获,140
莹,140
莺,140
莽,140
莿,140
菀,140
菁,140
菅,140
菇,140
菈,140
菊,140
菌,140
菏,140
菓,140
菖,140
菘,140
菜,140
菟,140
菠,140
菡,140
菩,140
華,140
菱,140
菲,140
菸,140
菽,140
萁,140
萃,140
萄,140
萊,140
萋,140
萌,140
萍,140
萎,140
萘,140
萝,140
萤,140
营,140
萦,140
萧,140
萨,140
萩,140
萱,140
萵,140
萸,140
萼,140
落,140
葆,140
葉,140
著,140
葚,140
葛,140
葡,140
董,140
葦,140
葩,140
葫,140
葬,140
葭,140
葯,140
葱,140
葳,140
葵,140
葷,140
葺,140
蒂,140
蒋,140
蒐,140
蒔,140
蒙,140
蒜,140
蒞,140
蒟,140
蒡,140
蒨,140
蒲,140
蒸,86
蒹,140
蒻,140
蒼,140
蒿,140
蓁,140
蓄,140
蓆,140
蓉,140
蓋,140
蓑,140
蓓,140
蓖,140
蓝,140
蓟,140
蓦,140
蓬,140
蓮,140
蓼,140
蓿,140
蔑,140
蔓,140
蔔,140
蔗,140
蔘,140
蔚,140
蔡,140
蔣,140
蔥,140
蔫,140
蔬,140
蔭,140
蔵,140
蔷,140
蔺,140
蔻,140
蔼,140
蔽,140
蕁,140
蕃,140
蕈,140
蕉,140
蕊,140
蕎,140
蕙,140
蕤,140
蕨,140
蕩,140
蕪,140
蕭,140
蕲,140
蕴,140
蕻,140
蕾,140
薄,140
薅,140
薇,140
薈,140
薊,140
薏,140
薑,140
薔,140
薙,140
薛,140
薦,140
薨,140
薩,140
薪,140
薬,140
薯,140
薰,140
薹,140
藉,140
藍,140
藏,140
藐,140
藓,140
藕,140
藜,140
藝,140
藤,140
藥,140
藩,140
藹,140
藻,140
藿,140
蘆,140
蘇,140
蘊,140
蘋,140
蘑,140
蘚,140
蘭,140
蘸,140
蘼,140
蘿,140
虫,142
虬,142
虱,142
虹,142
虻,142
虽,142
虾,142
蚀,142
蚁,142
蚂,142
蚊,142
蚌,142
蚓,142
蚕,142
蚜,142
蚝,142
蚣,142
蚤,142
蚩,142
蚪,142
蚯,142
蚱,142
蚵,142
蛀,142
蛆,142
蛇,142
蛊,142
蛋,142
蛎,142
蛐,142
蛔,142
蛙,142
蛛,142
蛟,142
蛤,142
蛭,142
蛮,142
蛰,142
蛳,142
蛹,142
蛻,142
蛾,142
蜀,142
蜂,142
蜃,142
蜆,142
蜇,142
蜈,142
蜊,142
蜍,142
蜒,142
蜓,142
蜕,142
蜗,142
蜘,142
蜚,142
蜜,142
蜡,142
蜢,142
蜥,142
蜱,142
蜴,142
蜷,142
蜻,142
蜿,142
蝇,142
蝈,142
蝉,142
蝌,142
蝎,142
蝕,142
蝗,142
蝙,142
蝟,142
蝠,142
蝦,142
蝨,142
蝴,142
蝶,142
蝸,142
蝼,142
螂,142
螃,142
融,142
螞,142
螢,142
螨,142
螯,142
螳,142
螺,142
蟀,142
蟄,142
蟆,142
蟋,142
蟎,142
蟑,142
蟒,142
蟠,142
蟬,142
蟲,142
蟹,142
蟻,142
蟾,142
蠅,142
蠍,142
蠔,142
蠕,142
蠛,142
蠟,142
蠡,142
蠢,142
蠣,142
蠱,142
蠶,142
蠹,142
蠻,142
衣,145
补,145
表,145
衩,145
衫,145
衬,145
衮,145
衰,145
衲,145
衷,145
衹,145
衾,145
衿,145
袁,145
袂,145
袄,145
袅,145
袈,145
袋,145
袍,145
袒,145
袖,145
袜,145
袞,145
袤,145
袪,145
被,145
袭,145
袱,145
裁,145
裂,145
装,145
裆,145
裊,145
裏,145
裔,145
裕,145
裘,145
裙,145
補,145
裝,145
裟,145
裡,145
裤,145
裨,145
裱,145
裳,145
裴,145
裸,145
裹,145
製,145
裾,145
褂,145
複,145
褐,145
褒,145
褓,145
褔,145
褚,145
褥,145
褪,145
褫,145
褲,145
褶,145
褻,145
襁,145
襄,145
襟,145
襠,145
襪,145
襬,145
襯,145
襲,145
見,147
規,147
覓,147
視,113
覚,147
覦,147
覧,147
親,147
覬,147
観,147
覷,147
覺,147
覽,147
觀,147
见,147
观,147
规,147
觅,147
视,113
览,147
觉,147
觊,147
觎,147
觐,147
觑,147
言,149
訂,149
計,149
訊,149
討,149
訓,149
訕,149
訖,149
託,149
記,149
訛,149
訝,149
訟,149
訣,149
訥,149
訪,149
設,149
許,149
訳,149
訴,149
訶,149
診,149
註,149
証,149
詆,149
詐,149
詔,149
評,149
詛,149
詞,149
詠,149
詡,149
詢,149
詣,149
試,149
詩,149
詫,149
詬,149
詭,149
詮,149
詰,149
話,149
該,149
詳,149
詹,149
詼,149
誅,149
誇,149
誉,149
誌,149
認,149
誓,149
誕,149
誘,149
語,149
誠,149
誡,149
誣,149
誤,149
誥,149
誦,149
誨,149
說,149
説,149
読,149
誰,149
課,149
誹,149
誼,149
調,149
諄,149
談,149
請,149
諏,149
諒,149
論,149
諗,149
諜,149
諡,149
諦,149
諧,149
諫,149
諭,149
諮,149
諱,149
諳,149
諷,149
諸,149
諺,149
諾,149
謀,149
謁,149
謂,149
謄,149
謊,149
謎,149
謐,149
謔,149
謗,149
謙,149
講,149
謝,149
謠,149
謨,149
謬,149
謹,149
謾,149
譁,149
證,149
譎,149
譏,149
識,149
譙,149
譚,149
譜,149
警,149
譬,149
譯,149
議,149
譲,149
譴,149
護,149
譽,149
讀,149
變,149
讓,149
讚,149
讞,149
计,149
订,149
认,149
讥,149
讧,149
讨,149
让,149
讪,149
讫,149
训,149
议,149
讯,149
记,149
讲,149
讳,149
讴,149
讶,149
讷,149
许,149
讹,149
论,149
讼,149
讽,149
设,149
访,149
诀,149
证,149
诃,149
评,149
诅,149
识,149
诈,149
诉,149
诊,149
诋,149
词,149
诏,149
译,149
试,149
诗,149
诘,149
诙,149
诚,149
诛,149
话,149
诞,149
诟,149
诠,149
诡,149
询,149
诣,149
诤,149
该,149
详,149
诧,149
诩,149
诫,149
诬,149
语,149
误,149
诰,149
诱,149
诲,149
说,149
诵,149
诶,149
请,149
诸,149
诺,149
读,149
诽,149
课,149
诿,149
谀,149
谁,149
调,149
谄,149
谅,149
谆,149
谈,149
谊,149
谋,149
谌,149
谍,149
谎,149
谏,149
谐,149
谑,149
谒,149
谓,149
谔,149
谕,149
谗,149
谘,149
谙,149
谚,149
谛,149
谜,149
谟,149
谢,149
谣,149
谤,149
谥,149
谦,149
谧,149
谨,149
谩,149
谪,149
谬,149
谭,149
谯,149
谱,149
谲,149
谴,149
谶,149
貝,154
貞,154
負,154
財,154
貢,154
貧,154
貨,154
販,154
貪,154
貫,154
責,154
貯,154
貰,154
貳,154
貴,154
貶,154
買,154
貸,154
費,154
貼,154
貽,154
貿,154
賀,154
賁,154
賂,154
賃,154
賄,154
資,154
賈,154
賊,154
賑,154
賓,154
賜,154
賞,154
賠,154
賡,154
賢,154
賣,154
賤,154
賦,154
質,154
賬,154
賭,154
賴,154
賺,154
購,154
賽,154
贅,154
贈,154
贊,154
贍,154
贏,154
贓,154
贖,154
贛,154
贝,154
贞,154
负,154
贡,154
财,154
责,154
贤,154
败,154
账,154
货,154
质,154
贩,154
贪,154
贫,154
贬,154
购,154
贮,154
贯,154
贰,154
贱,154
贲,154
贴,154
贵,154
贷,154
贸,154
费,154
贺,154
贻,154
贼,154
贾,154
贿,154
赁,154
赂,154
赃,154
资,154
赅,154
赈,154
赊,154
赋,154
赌,154
赎,154
赏,154
赐,154
赓,154
赔,154
赖,154
赘,154
赚,154
赛,154
赝,154
赞,154
赠,154
赡,154
赢,154
赣,154
足,157
趴,157
趵,157
趸,157
趺,157
趾,157
跃,157
跄,157
跆,157
跋,157
跌,157
跎,157
跑,157
跖,157
跚,157
跛,157
距,157
跟,157
跡,157
跤,157
跨,157
跩,157
跪,157
路,157
跳,157
践,157
跷,157
跹,157
跺,157
跻,157
踉,157
踊,157
踌,157
踏,157
踐,157
踝,157
踞,157
踟,157
踢,157
踩,157
踪,157
踮,157
踱,157
踴,157
踵,157
踹,157
蹂,157
蹄,157
蹇,157
蹈,157
蹉,157
蹊,157
蹋,157
蹑,157
蹒,157
蹙,157
蹟,157
蹣,157
蹤,157
蹦,157
蹩,157
蹬,157
蹭,157
蹲,157
蹴,157
蹶,157
蹺,157
蹼,157
蹿,157
躁,157
躇,157
躉,157
躊,157
躋,157
躍,157
躏,157
躪,157
車,159
軋,159
軌,159
軍,159
軒,159
軟,159
転,159
軸,159
軼,159
軽,159
軾,159
較,159
載,159
輒,159
輓,159
輔,159
輕,159
輛,159
輝,159
輟,159
輩,159
輪,159
輯,159
輸,159
輻,159
輾,159
輿,159
轄,159
轅,159
轆,159
轉,159
轍,159
轎,159
轟,159
车,159
轧,159
轨,159
轩,159
转,159
轭,159
轮,159
软,159
轰,159
轲,159
轴,159
轶,159
轻,159
轼,159
载,159
轿,159
较,159
辄,159
辅,159
辆,159
辇,159
辈,159
辉,159
辊,159
辍,159
辐,159
辑,159
输,159
辕,159
辖,159
辗,159
辘,159
辙,159
边,162
辺,162
辻,162
込,162
辽,162
达,162
迁,162
迂,162
迄,162
迅,162
过,162
迈,162
迎,162
运,162
近,162
返,162
还,162
这,162
进,162
远,162
违,162
连,162
迟,162
迢,162
迤,162
迥,162
迦,162
迩,162
迪,162
迫,162
迭,162
述,162
迴,162
迷,162
迸,162
迹,162
迺,162
追,162
退,162
送,162
适,162
逃,162
逅,162
逆,162
选,162
逊,162
逍,162
透,162
逐,162
递,162
途,162
逕,162
逗,162
這,162
通,162
逛,162
逝,162
逞,162
速,162
造,162
逢,162
連,162
逮,162
週,162
進,162
逵,162
逶,162
逸,162
逻,162
逼,162
逾,162
遁,162
遂,162
遅,162
遇,162
遊,162
運,162
遍,162
過,162
遏,162
遐,162
遑,162
遒,162
道,162
達,162
違,162
遗,162
遙,162
遛,162
遜,162
遞,162
遠,162
遢,162
遣,162
遥,162
遨,162
適,162
遭,162
遮,162
遲,162
遴,162
遵,162
遶,162
遷,162
選,162
遺,162
遼,162
遽,162
避,162
邀,162
邁,162
邂,162
邃,162
還,162
邇,162
邈,162
邊,162
邋,162
邏,162
邑,163
邓,163
邕,163
邛,163
邝,163
邢,163
那,163
邦,163
邨,163
邪,163
邬,163
邮,163
邯,163
邰,163
邱,163
邳,163
邵,163
邸,163
邹,163
邺,163
邻,163
郁,163
郅,163
郊,163
郎,163
郑,163
郜,163
郝,163
郡,163
郢,163
郤,163
郦,163
郧,163
部,163
郫,163
郭,163
郴,163
郵,163
郷,163
郸,163
都,163
鄂,163
鄉,163
鄒,163
鄔,163
鄙,163
鄞,163
鄢,163
鄧,163
鄭,163
鄰,163
鄱,163
鄲,163
鄺,163
酉,164
酊,164
酋,164
酌,164
配,164
酐,164
酒,164
酗,164
酚,164
酝,164
酢,164
酣,164
酥,164
酩,164
酪,164
酬,164
酮,164
酯,164
酰,164
酱,164
酵,164
酶,164
酷,164
酸,164
酿,164
醃,164
醇,164
醉,164
醋,164
醍,164
醐,164
醒,164
醚,164
醛,164
醜,164
醞,164
醣,164
醪,164
醫,164
醬,164
醮,164
醯,164
醴,164
醺,164
釀,164
釁,164
金,167
釗,167
釘,167
釜,167
針,167
釣,167
釦,167
釧,167
釵,167
鈀,167
鈉,167
鈍,167
鈎,167
鈔,167
鈕,167
鈞,167
鈣,167
鈦,167
鈪,167
鈴,167
鈺,167
鈾,167
鉀,167
鉄,167
鉅,167
鉉,167
鉑,167
鉗,167
鉚,167
鉛,167
鉤,167
鉴,167
鉻,167
銀,167
銃,167
銅,167
銑,167
銓,167
銖,167
銘,167
銜,167
銬,167
銭,167
銮,167
銳,167
銷,167
銹,167
鋁,167
鋅,167
鋒,167
鋤,167
鋪,167
鋰,167
鋸,167
鋼,167
錄,167
錐,167
錘,167
錚,167
錠,167
錢,167
錦,167
錨,167
錫,167
錮,167
錯,167
録,167
錳,167
錶,167
鍊,167
鍋,167
鍍,167
鍛,167
鍥,167
鍰,167
鍵,167
鍺,167
鍾,167
鎂,167
鎊,167
鎌,167
鎏,167
鎔,167
鎖,167
鎗,167
鎚,167
鎧,167
鎬,167
鎮,167
鎳,167
鏈,167
鏖,167
鏗,167
鏘,167
鏞,167
鏟,167
鏡,167
鏢,167
鏤,167
鏽,167
鐘,167
鐮,167
鐲,167
鐳,167
鐵,167
鐸,167
鐺,167
鑄,167
鑊,167
鑑,167
鑒,167
鑣,167
鑫,167
鑰,167
鑲,167
鑼,167
鑽,167
鑾,167
鑿,167
针,167
钉,167
钊,167
钎,167
钏,167
钒,167
钓,167
钗,167
钙,167
钛,167
钜,167
钝,167
钞,167
钟,167
钠,167
钡,167
钢,167
钣,167
钤,167
钥,167
钦,167
钧,167
钨,167
钩,167
钮,167
钯,167
钰,167
钱,167
钳,167
钴,167
钵,167
钺,167
钻,167
钼,167
钾,167
钿,167
铀,167
铁,167
铂,167
铃,167
铄,167
铅,167
铆,167
铉,167
铎,167
铐,167
铛,167
铜,167
铝,167
铠,167
铡,167
铢,167
铣,167
铤,167
铨,167
铩,167
铬,167
铭,167
铮,167
铰,167
铲,167
铵,167
银,167
铸,167
铺,167
链,167
铿,167
销,167
锁,167
锂,167
锄,167
锅,167
锆,167
锈,167
锉,167
锋,167
锌,167
锏,167
锐,167
锑,167
错,167
锚,167
锟,167
锡,167
锢,167
锣,167
锤,167
锥,167
锦,167
锭,167
键,167
锯,167
锰,167
锲,167
锵,167
锹,167
锺,167
锻,167
镀,167
镁,167
镂,167
镇,167
镉,167
镌,167
镍,167
镐,167
镑,167
镕,167
镖,167
镗,167
镛,167
镜,167
镣,167
镭,167
镯,167
镰,167
镳,167
镶,167
門,169
閃,169
閉,169
開,169
閎,169
閏,169
閑,169
閒,169
間,169
閔,169
閘,169
閡,169
関,169
閣,169
閥,169
閨,169
閩,169
閱,169
閲,169
閹,169
閻,169
閾,169
闆,169
闇,169
闊,169
闌,169
闍,169
闔,169
闕,169
闖,169
闘,169
關,169
闡,169
闢,169
门,169
闪,169
闫,169
闭,169
问,169
闯,169
闰,169
闲,169
间,169
闵,169
闷,169
闸,169
闹,169
闺,169
闻,169
闽,169
闾,169
阀,169
阁,169
阂,169
阅,169
阆,169
阇,169
阈,169
阉,169
阎,169
阐,169
阑,169
阔,169
阕,169
阖,169
阙,169
阚,169
阜,170
队,170
阡,170
阪,170
阮,170
阱,170
防,170
阳,170
阴,170
阵,170
阶,170
阻,170
阿,170
陀,170
陂,170
附,170
际,170
陆,170
陇,170
陈,170
陋,170
陌,170
降,170
限,170
陕,170
陛,170
陝,170
陞,170
陟,170
陡,170
院,170
陣,170
除,170
陨,170
险,170
陪,170
陰,170
陲,170
陳,170
陵,170
陶,170
陷,170
陸,170
険,170
陽,170
隅,170
隆,170
隈,170
隊,170
隋,170
隍,170
階,170
随,170
隐,170
隔,170
隕,170
隘,170
隙,170
際,170
障,170
隠,170
隣,170
隧,170
隨,170
險,170
隱,170
隴,170
隻,172
隼,172
隽,172
难,172
雀,172
雁,172
雄,172
雅,172
集,172
雇,172
雉,172
雋,172
雌,172
雍,172
雎,172
雏,172
雑,172
雒,172
雕,172
雖,172
雙,172
雛,172
雜,172
雞,172
離,172
難,172
雨,173
雪,173
雯,173
雰,173
雲,173
雳,173
零,173
雷,173
雹,173
電,173
雾,173
需,173
霁,173
霄,173
霆,173
震,173
霈,173
霉,173
霊,173
霍,173
霎,173
霏,173
霑,173
霓,173
霖,173
霜,173
霞,173
霧,173
霭,173
霰,173
露,173
霸,173
霹,173
霽,173
霾,173
靂,173
靄,173
靈,173
頁,181
頂,181
頃,181
項,181
順,181
須,181
頌,181
預,181
頑,181
頒,181
頓,181
頗,181
領,181
頜,181
頡,181
頤,181
頫,181
頭,181
頰,181
頷,181
頸,181
頹,181
頻,181
頼,181
顆,181
題,181
額,181
顎,181
顏,181
顔,181
願,181
顛,181
類,181
顧,181
顫,181
顯,181
顱,181
顴,181
页,181
顶,181
顷,181
项,181
顺,181
须,181
顼,181
顽,181
顾,181
顿,181
颁,181
颂,181
预,181
颅,181
领,181
颇,181
颈,181
颉,181
颊,181
颌,181
颍,181
颐,181
频,181
颓,181
颔,181
颖,181
颗,181
题,181
颚,181
颛,181
颜,181
额,181
颞,181
颠,181
颡,181
颢,181
颤,181
颦,181
颧,181
食,184
飢,184
飨,184
飩,184
飪,184
飯,184
飲,184
飼,184
飽,184
飾,184
餃,184
餅,184
餉,184
養,184
餌,184
餐,184
餒,184
餓,184
餘,184
餚,184
餛,184
餞,184
餡,184
館,184
餮,184
餵,184
餾,184
饅,184
饈,184
饋,184
饌,184
饍,184
饑,184
饒,184
饕,184
饗,184
饞,184
饥,184
饨,184
饪,184
饬,184
饭,184
饮,184
饯,184
饰,184
饱,184
饲,184
饴,184
饵,184
饶,184
饷,184
饺,184
饼,184
饽,184
饿,184
馀,184
馁,184
馄,184
馅,184
馆,184
馈,184
馋,184
馍,184
馏,184
馒,184
馔,184
馬,187
馭,187
馮,187
馳,187
馴,187
駁,187
駄,187
駅,187
駆,187
駐,187
駒,187
駕,187
駛,187
駝,187
駭,187
駱,187
駿,187
騁,187
騎,187
騏,187
験,187
騙,187
騨,187
騰,187
騷,187
驀,187
驅,187
驊,187
驍,187
驒,187
驕,187
驗,187
驚,187
驛,187
驟,187
驢,187
驥,187
马,187
驭,187
驮,187
驯,187
驰,187
驱,187
驳,187
驴,187
驶,187
驷,187
驸,187
驹,187
驻,187
驼,187
驾,187
驿,187
骁,187
骂,187
骄,187
骅,187
骆,187
骇,187
骈,187
骊,187
骋,187
验,187
骏,187
骐,187
骑,187
骗,187
骚,187
骛,187
骜,187
骞,187
骠,187
骡,187
骤,187
骥,187
骧,187
魚,195
魯,195
魷,195
鮑,195
鮨,195
鮪,195
鮭,195
鮮,195
鯉,195
鯊,195
鯖,195
鯛,195
鯨,195
鯰,195
鯽,195
鰍,195
鰓,195
鰭,195
鰲,195
鰻,195
鰾,195
鱈,195
鱉,195
鱔,195
鱗,195
鱷,195
鱸,195
鱼,195
鱿,195
鲁,195
鲈,195
鲍,195
鲑,195
鲛,195
鲜,195
鲟,195
鲢,195
鲤,195
鲨,195
鲫,195
鲱,195
鲲,195
鲶,195
鲷,195
鲸,195
鳃,195
鳄,195
鳅,195
鳌,195
鳍,195
鳕,195
鳖,195
鳗,195
鳝,195
鳞,195
鳥,196
鳩,196
鳳,196
鳴,196
鳶,196
鴉,196
鴕,196
鴛,196
鴦,196
鴨,196
鴻,196
鴿,196
鵑,196
鵜,196
鵝,196
鵡,196
鵬,196
鵰,196
鵲,196
鶘,196
鶩,196
鶯,196
鶴,196
鷗,196
鷲,196
鷹,196
鷺,196
鸚,196
鸞,196
鸟,196
鸠,196
鸡,196
鸢,196
鸣,196
鸥,196
鸦,196
鸨,196
鸪,196
鸭,196
鸯,196
鸳,196
鸵,196
鸽,196
鸾,196
鸿,196
鹂,196
鹃,196
鹄,196
鹅,196
鹈,196
鹉,196
鹊,196
鹌,196
鹏,196
鹑,196
鹕,196
鹘,196
鹜,196
鹞,196
鹤,196
鹦,196
鹧,196
鹫,196
鹭,196
鹰,196
鹳,196
龐,53
